slot_time_et,mean_marginal_co2_lbs_per_mwh,median_marginal_co2_lbs_per_mwh,n_days_contributing,source_slot_ct
00:00,1053.254103,912.550000,90,23:00
00:05,1105.727729,912.550000,90,23:05
00:10,1119.729564,912.550000,90,23:10
00:15,1080.512211,912.550000,90,23:15
00:20,1062.975654,912.550000,90,23:20
00:25,1031.449261,912.550000,90,23:25
00:30,995.824091,912.550000,90,23:30
00:35,1064.524553,912.550000,90,23:35
00:40,1101.032025,912.550000,90,23:40
00:45,1135.052611,912.550000,90,23:45
00:50,1151.854204,912.550000,90,23:50
00:55,1178.452600,1024.113083,90,23:55
01:00,1058.622197,912.550000,90,00:00
01:05,1019.874912,912.550000,90,00:05
01:10,1028.507409,912.550000,90,00:10
01:15,1093.234552,912.550000,90,00:15
01:20,1131.292294,912.550000,90,00:20
01:25,1128.994572,912.550000,90,00:25
01:30,1049.450465,912.550000,90,00:30
01:35,1033.516662,912.550000,90,00:35
01:40,1042.372978,912.550000,90,00:40
01:45,1115.068220,912.550000,90,00:45
01:50,1101.582268,912.550000,90,00:50
01:55,1081.866504,912.550000,90,00:55
02:00,1048.026448,912.550000,90,01:00
02:05,1047.405177,912.550000,90,01:05
02:10,1070.954908,912.550000,90,01:10
02:15,1179.016776,912.550000,90,01:15
02:20,1145.799051,912.550000,90,01:20
02:25,1144.921007,912.550000,90,01:25
02:30,1167.408886,912.550000,90,01:30
02:35,1078.056997,912.550000,90,01:35
02:40,1096.721166,912.550000,90,01:40
02:45,1089.088670,912.550000,90,01:45
02:50,1063.944796,912.550000,90,01:50
02:55,1115.447549,912.550000,90,01:55
03:00,1043.527288,912.550000,90,02:00
03:05,1140.704503,912.550000,90,02:05
03:10,1180.767257,912.550000,90,02:10
03:15,1096.372977,912.550000,90,02:15
03:20,1054.073929,912.550000,90,02:20
03:25,989.371707,912.550000,90,02:25
03:30,1192.307518,912.550000,90,02:30
03:35,1102.979269,912.550000,90,02:35
03:40,1131.140662,912.550000,90,02:40
03:45,1113.539758,912.550000,90,02:45
03:50,1076.293243,912.550000,90,02:50
03:55,1085.589193,912.550000,90,02:55
04:00,1140.189496,912.550000,90,03:00
04:05,1114.726672,912.550000,90,03:05
04:10,1153.248533,912.550000,90,03:10
04:15,1114.575375,912.550000,90,03:15
04:20,1125.632774,912.550000,90,03:20
04:25,1163.750539,912.550000,90,03:25
04:30,1086.266516,912.550000,90,03:30
04:35,1184.453970,912.550000,90,03:35
04:40,1135.488488,912.550000,90,03:40
04:45,1006.988064,912.550000,90,03:45
04:50,1071.541282,912.550000,90,03:50
04:55,1082.277460,912.550000,90,03:55
05:00,1162.769491,912.550000,90,04:00
05:05,1062.481749,912.550000,90,04:05
05:10,1140.977042,912.550000,90,04:10
05:15,1140.249649,912.550000,90,04:15
05:20,1090.813906,912.550000,90,04:20
05:25,1017.726827,912.550000,90,04:25
05:30,1089.316026,912.550000,90,04:30
05:35,1122.903814,912.550000,90,04:35
05:40,1059.853113,912.550000,90,04:40
05:45,1062.387535,912.550000,90,04:45
05:50,1246.647434,989.050400,90,04:50
05:55,1098.967562,912.550000,90,04:55
06:00,1126.596866,912.550000,90,05:00
06:05,1134.566076,912.550000,90,05:05
06:10,1141.060543,912.550000,90,05:10
06:15,1091.363248,912.550000,90,05:15
06:20,1044.798651,912.550000,90,05:20
06:25,1138.508679,912.550000,90,05:25
06:30,1085.681069,912.550000,90,05:30
06:35,1052.499836,912.550000,90,05:35
06:40,1021.684755,912.550000,90,05:40
06:45,1039.972991,912.550000,90,05:45
06:50,963.657293,912.550000,90,05:50
06:55,1021.105090,912.550000,90,05:55
07:00,1104.203987,912.550000,90,06:00
07:05,1104.674110,912.550000,90,06:05
07:10,1022.861602,912.550000,90,06:10
07:15,935.931802,912.550000,90,06:15
07:20,1015.703707,912.550000,90,06:20
07:25,1135.056190,912.550000,90,06:25
07:30,1002.782877,912.550000,90,06:30
07:35,1096.721593,912.550000,90,06:35
07:40,979.669104,912.550000,90,06:40
07:45,1082.345650,912.550000,90,06:45
07:50,1123.410354,912.550000,90,06:50
07:55,1100.951099,912.550000,90,06:55
08:00,1002.074146,912.550000,90,07:00
08:05,1004.789205,912.550000,90,07:05
08:10,1000.204352,912.550000,90,07:10
08:15,961.951546,912.550000,90,07:15
08:20,1060.383073,912.550000,90,07:20
08:25,1037.232776,912.550000,90,07:25
08:30,1019.649168,912.550000,90,07:30
08:35,1025.289204,912.550000,90,07:35
08:40,1111.212057,912.550000,90,07:40
08:45,1062.236988,912.550000,90,07:45
08:50,1080.831792,912.550000,90,07:50
08:55,1111.257965,912.550000,90,07:55
09:00,1041.586694,912.550000,90,08:00
09:05,1024.965828,912.550000,90,08:05
09:10,1091.887370,912.550000,90,08:10
09:15,1138.176888,912.550000,90,08:15
09:20,1035.658337,912.550000,90,08:20
09:25,1020.068101,912.550000,90,08:25
09:30,1094.990325,912.550000,90,08:30
09:35,1212.070851,912.550000,90,08:35
09:40,1132.587357,912.550000,90,08:40
09:45,1122.384898,912.550000,90,08:45
09:50,1091.987266,912.550000,90,08:50
09:55,1127.137685,912.550000,90,08:55
10:00,1085.538282,912.550000,90,09:00
10:05,1037.010473,912.550000,90,09:05
10:10,1021.433755,912.550000,90,09:10
10:15,1081.342546,912.550000,90,09:15
10:20,999.114611,912.550000,90,09:20
10:25,1060.778800,912.550000,90,09:25
10:30,1008.621100,912.550000,90,09:30
10:35,1155.993135,912.550000,90,09:35
10:40,1057.377705,912.550000,90,09:40
10:45,1150.380620,912.550000,90,09:45
10:50,1044.998506,912.550000,90,09:50
10:55,1049.034419,912.550000,90,09:55
11:00,1081.098593,912.550000,90,10:00
11:05,1044.165938,912.550000,90,10:05
11:10,1117.882411,912.550000,90,10:10
11:15,1146.907330,912.550000,90,10:15
11:20,1136.661692,912.550000,90,10:20
11:25,1171.425312,912.550000,90,10:25
11:30,1055.289336,912.550000,90,10:30
11:35,1126.662256,912.550000,90,10:35
11:40,1224.624238,960.362750,90,10:40
11:45,1175.770055,912.550000,90,10:45
11:50,1066.846005,912.550000,90,10:50
11:55,1123.271149,912.550000,90,10:55
12:00,1150.427986,912.550000,90,11:00
12:05,1093.655674,912.550000,90,11:05
12:10,1154.167255,912.550000,90,11:10
12:15,1252.286270,1040.050667,90,11:15
12:20,1059.735372,912.550000,90,11:20
12:25,1175.170878,912.550000,90,11:25
12:30,1000.546541,912.550000,90,11:30
12:35,1062.502123,912.550000,90,11:35
12:40,1126.909650,912.550000,90,11:40
12:45,1081.567401,912.550000,90,11:45
12:50,1054.699007,912.550000,90,11:50
12:55,1061.311565,912.550000,90,11:55
13:00,1051.343101,912.550000,90,12:00
13:05,1014.835490,912.550000,90,12:05
13:10,1044.558762,912.550000,90,12:10
13:15,1171.850235,912.550000,90,12:15
13:20,1070.531330,912.550000,90,12:20
13:25,1130.107425,912.550000,90,12:25
13:30,1157.256136,912.550000,90,12:30
13:35,1058.390731,912.550000,90,12:35
13:40,1120.498031,912.550000,90,12:40
13:45,1085.752789,912.550000,90,12:45
13:50,1089.285426,912.550000,90,12:50
13:55,1115.147927,912.550000,90,12:55
14:00,1043.159273,912.550000,90,13:00
14:05,1089.014142,912.550000,90,13:05
14:10,1165.469892,912.550000,90,13:10
14:15,990.519698,912.550000,90,13:15
14:20,1091.346545,912.550000,90,13:20
14:25,1069.323707,912.550000,90,13:25
14:30,1036.035405,912.550000,90,13:30
14:35,1077.482853,912.550000,90,13:35
14:40,982.380562,912.550000,90,13:40
14:45,1072.972923,912.550000,90,13:45
14:50,1049.770213,912.550000,90,13:50
14:55,1061.726245,912.550000,90,13:55
15:00,1167.177305,912.550000,90,14:00
15:05,1029.611134,912.550000,90,14:05
15:10,999.055342,912.550000,90,14:10
15:15,1027.504114,912.550000,90,14:15
15:20,1027.928327,912.550000,90,14:20
15:25,1143.488860,912.550000,90,14:25
15:30,1115.068766,912.550000,90,14:30
15:35,1050.992059,912.550000,90,14:35
15:40,1027.282884,912.550000,90,14:40
15:45,1061.641631,912.550000,90,14:45
15:50,1120.063429,912.550000,90,14:50
15:55,1014.964105,912.550000,90,14:55
16:00,968.882864,912.550000,90,15:00
16:05,1004.631412,912.550000,90,15:05
16:10,976.007691,912.550000,90,15:10
16:15,1024.973676,912.550000,90,15:15
16:20,995.474270,912.550000,90,15:20
16:25,1003.650719,912.550000,90,15:25
16:30,1083.639832,912.550000,90,15:30
16:35,1012.725614,912.550000,90,15:35
16:40,1037.929366,912.550000,90,15:40
16:45,1056.354445,912.550000,90,15:45
16:50,1052.493333,912.550000,90,15:50
16:55,1001.704450,912.550000,90,15:55
17:00,1063.965196,912.550000,90,16:00
17:05,1047.695925,912.550000,90,16:05
17:10,1082.342069,912.550000,90,16:10
17:15,1039.632499,912.550000,90,16:15
17:20,974.332764,912.550000,90,16:20
17:25,1006.703508,912.550000,90,16:25
17:30,1015.554577,912.550000,90,16:30
17:35,940.383945,912.550000,90,16:35
17:40,891.823942,912.550000,90,16:40
17:45,945.468311,912.550000,90,16:45
17:50,922.590584,912.550000,90,16:50
17:55,992.410179,912.550000,90,16:55
18:00,1002.560673,912.550000,90,17:00
18:05,1010.113074,912.550000,90,17:05
18:10,993.615640,912.550000,90,17:10
18:15,928.922643,912.550000,90,17:15
18:20,942.476765,912.550000,90,17:20
18:25,907.736770,912.550000,90,17:25
18:30,940.191418,912.550000,90,17:30
18:35,1018.930609,912.550000,90,17:35
18:40,1005.819555,912.550000,90,17:40
18:45,989.240026,912.550000,90,17:45
18:50,1012.984064,912.550000,90,17:50
18:55,1003.879792,912.550000,90,17:55
19:00,1072.861137,912.550000,90,18:00
19:05,946.591228,912.550000,90,18:05
19:10,994.178724,912.550000,90,18:10
19:15,990.893103,912.550000,90,18:15
19:20,1045.615499,912.550000,90,18:20
19:25,967.905818,912.550000,90,18:25
19:30,1027.446063,912.550000,90,18:30
19:35,1071.022680,912.550000,90,18:35
19:40,1044.641159,912.550000,90,18:40
19:45,1028.200535,912.550000,90,18:45
19:50,1059.266769,912.550000,90,18:50
19:55,1063.553117,912.550000,90,18:55
20:00,1051.316543,912.550000,90,19:00
20:05,1025.196471,912.550000,90,19:05
20:10,1099.108943,912.550000,90,19:10
20:15,1026.175033,912.550000,90,19:15
20:20,1077.003281,912.550000,90,19:20
20:25,1001.241903,912.550000,90,19:25
20:30,1032.050981,912.550000,90,19:30
20:35,1056.224285,912.550000,90,19:35
20:40,1025.121308,912.550000,90,19:40
20:45,1100.899635,912.550000,90,19:45
20:50,1093.609740,912.550000,90,19:50
20:55,1134.532506,912.550000,90,19:55
21:00,1080.050093,912.550000,90,20:00
21:05,1026.838006,912.550000,90,20:05
21:10,1061.955105,912.550000,90,20:10
21:15,1136.114268,912.550000,90,20:15
21:20,1079.380404,912.550000,90,20:20
21:25,1027.629502,912.550000,90,20:25
21:30,1148.394200,912.550000,90,20:30
21:35,1062.285451,912.550000,90,20:35
21:40,1102.446063,912.550000,90,20:40
21:45,1082.441334,912.550000,90,20:45
21:50,1064.634574,912.550000,90,20:50
21:55,1069.536849,912.550000,90,20:55
22:00,1016.638240,912.550000,90,21:00
22:05,1068.850354,912.550000,90,21:05
22:10,1041.819025,912.550000,90,21:10
22:15,1095.040083,912.550000,90,21:15
22:20,1048.696634,912.550000,90,21:20
22:25,1088.740177,912.550000,90,21:25
22:30,1036.949721,912.550000,90,21:30
22:35,1007.571502,912.550000,90,21:35
22:40,1123.240095,912.550000,90,21:40
22:45,1125.729377,912.550000,90,21:45
22:50,1097.394438,912.550000,90,21:50
22:55,1089.072715,912.550000,90,21:55
23:00,1110.209744,912.550000,90,22:00
23:05,994.230408,912.550000,90,22:05
23:10,972.701371,912.550000,90,22:10
23:15,1031.711183,912.550000,90,22:15
23:20,1012.377078,912.550000,90,22:20
23:25,1067.931358,912.550000,90,22:25
23:30,1088.249925,912.550000,90,22:30
23:35,1024.159584,912.550000,90,22:35
23:40,1002.606554,912.550000,90,22:40
23:45,1110.123220,912.550000,90,22:45
23:50,998.590747,912.550000,90,22:50
23:55,1030.074469,912.550000,90,22:55
