variant,member,is_seed,num_variables,objective_cost,social_value,profit,emissions_value,pv_revenue,crop_revenue,yearly_biomass,total_panels,mean_tracking_deg,max_tracking_deg
fixedAxisBaseline,1,1,7,-437097.304754141,437097.304754141,-431690.679740074,868787.984494215,282204.357322606,231847.865551212,671.54987772011,736,0,0
fixedAxisBaseline,2,0,7,-432530.797568846,432530.797568846,-432815.973414024,865346.77098287,281066.836550787,231860.092649081,671.585293642786,736,0,0
fixedAxisBaseline,3,0,7,-402715.803373846,402715.803373846,-440164.689760793,842880.493134639,273642.623858737,231935.588994362,671.803969632412,736,0,0
fixedAxisBaseline,4,0,7,-547097.833220553,547097.833220553,-276938.92652233,824036.759742883,268690.754557174,230985.221534388,669.05121989276,576,0,0
fixedAxisBaseline,5,0,7,-381941.544067168,381941.544067168,-470847.197400212,852788.741467379,276708.688212728,232012.617000952,672.027082095765,768,0,0
fixedAxisBaseline,6,0,7,-453961.676285958,453961.676285958,-376445.001191529,830406.677477487,269956.771554538,231689.929867825,671.092415286226,672,0,0
fixedAxisBaseline,7,0,7,-372028.74291951,372028.74291951,-473292.852392744,845321.595312254,274243.237161615,232032.413059533,672.084421595905,768,0,0
fixedAxisBaseline,8,0,7,-383923.209769136,383923.209769136,-495920.78903921,879843.998808347,285439.157235024,232034.156339657,672.089471025848,800,0,0
fixedAxisBaseline,9,0,7,-496835.223281502,496835.223281502,-340371.115426291,837206.338707792,272448.183800457,231446.803387145,670.388196776457,640,0,0
fixedAxisBaseline,10,0,7,-430728.062572944,430728.062572944,-433260.227115942,863988.289688885,280617.804699085,231864.870798865,671.599133605882,736,0,0
fixedAxisBaseline,11,0,7,-455068.206001557,455068.206001557,-376172.754343835,831240.960345392,270232.843470763,231686.104799294,671.0813359334,672,0,0
fixedAxisBaseline,12,0,7,-444709.182539186,444709.182539186,-404266.064007564,848975.24654675,275873.207242342,231778.031363986,671.347602233205,704,0,0
fixedAxisBaseline,13,0,7,-383923.209769136,383923.209769136,-495920.78903921,879843.998808347,285439.157235024,232034.156339657,672.089471025848,800,0,0
fixedAxisBaseline,14,0,7,-383923.209769136,383923.209769136,-495920.78903921,879843.998808347,285439.157235024,232034.156339657,672.089471025848,800,0,0
fixedAxisBaseline,15,0,7,-472766.716555964,472766.716555964,-371818.859272684,844585.575828648,274649.618336675,231623.225004533,670.899203920312,672,0,0
fixedAxisBaseline,16,0,7,-488303.658891564,488303.658891564,-316945.164920371,805248.823811935,262108.323659505,231387.014034016,670.215016261352,608,0,0
fixedAxisBaseline,17,0,7,-394278.006248186,394278.006248186,-467803.986817879,862081.993066064,279777.579708815,231986.936087198,671.952697048267,768,0,0
fixedAxisBaseline,18,0,7,-380902.854385291,380902.854385291,-471103.446060105,852006.300445397,276450.330223863,232014.726329924,672.033191790196,768,0,0
fixedAxisBaseline,19,0,7,-477450.851711833,477450.851711833,-345134.539295762,822585.391007595,267603.869394663,231527.693923467,670.622497099416,640,0,0
fixedAxisBaseline,20,0,7,-405780.86184513,405780.86184513,-464966.810982374,870747.672827504,282639.748079434,231961.943552084,671.880305897028,768,0,0
SingleAxisNOSeed,1,1,103,-115072.448005465,115072.448005465,-386862.155240457,501934.603245922,170044.37532791,230983.572045524,669.046442130229,352,27.7581113948708,58.6066571050162
SingleAxisNOSeed,2,0,103,-113331.14093069,113331.14093069,-387187.696366889,500518.837297579,169965.033176369,230737.373070634,668.333324107386,352,30.632161797056,58.3135092495371
SingleAxisNOSeed,3,0,103,-144283.324332118,144283.324332118,-379214.57476457,523497.899096688,177840.369858807,230835.157990515,668.616559197057,352,26.9478979170349,59.7592048022038
SingleAxisNOSeed,4,0,103,-154000.035445535,154000.035445535,-376967.294540312,530967.329985847,180140.948148288,230781.859925293,668.462180768349,352,32.1736986603855,59.5334586174952
SingleAxisNOSeed,5,0,103,-130392.688226689,130392.688226689,-383153.996361784,513546.684588473,173924.963676876,230811.142575231,668.546998284088,352,29.564963416727,59.9967951472057
SingleAxisNOSeed,6,0,103,-150606.541284704,150606.541284704,-378018.403887669,528624.945172373,178983.477624964,230888.221101258,668.770257077544,352,29.3147605288874,58.5269542611046
SingleAxisNOSeed,7,0,103,-120696.385849692,120696.385849692,-385016.608269651,505712.994119343,171785.277122259,231088.217221982,669.349548028086,352,28.6533498687079,59.4417684685692
SingleAxisNOSeed,8,0,103,-132973.822264507,132973.822264507,-382097.438188075,515071.260452582,174791.544593912,231001.119831905,669.097269485358,352,29.2849277167931,58.3026584043058
SingleAxisNOSeed,9,0,103,-148956.661519874,148956.661519874,-378495.083208193,527451.744728067,178657.386424319,230737.63298138,668.334076941704,352,30.3999125329414,58.4754073624203
SingleAxisNOSeed,10,0,103,-156830.431531062,156830.431531062,-376748.232061968,533578.66359303,180383.681800915,230758.188751009,668.393616953202,352,31.2069506038339,59.8720669134049
SingleAxisNOSeed,11,0,103,-129801.083208919,129801.083208919,-383129.771970675,512930.855179593,173901.311128493,230859.019514725,668.685674362843,352,31.0483703578571,59.4564086642986
SingleAxisNOSeed,12,0,103,-137390.557380924,137390.557380924,-381075.570154401,518466.127535324,175849.740269267,230964.792190224,668.992046074003,352,29.540777525564,59.4183253642432
SingleAxisNOSeed,13,0,103,-141411.484530863,141411.484530863,-380476.612780192,521888.097311055,176543.794196971,230869.695636729,668.716597866967,352,31.2157473276576,59.8589397348501
SingleAxisNOSeed,14,0,103,-171657.345094832,171657.345094832,-373010.984014262,544668.329109093,184261.162298,230617.956301631,667.9874321302,352,31.1174546905132,59.9122845012614
SingleAxisNOSeed,15,0,103,-140799.549562162,140799.549562162,-380094.60583513,520894.155397292,176825.797147684,230969.699631078,669.006260530097,352,34.7644265248364,59.7335363844148
SingleAxisNOSeed,16,0,103,-138782.810711873,138782.810711873,-381180.381224363,519963.191936237,175777.582457723,230932.138931806,668.897465553947,352,26.6039965913253,54.6397357609521
SingleAxisNOSeed,17,0,103,-152058.96808585,152058.96808585,-377813.621277974,529872.589363825,179482.9865633,230593.494772618,667.916579043938,352,29.7423822156762,59.7734702304238
SingleAxisNOSeed,18,0,103,-147753.789193099,147753.789193099,-378561.772800164,526315.561993263,178565.734997804,230762.594815924,668.406379168406,352,29.0454035611001,59.2903423660073
SingleAxisNOSeed,19,0,103,-110336.140091967,110336.140091967,-388233.788260714,498569.928352682,168617.85924595,231038.455107228,669.205411518576,352,29.2804802016709,59.9042598163607
SingleAxisNOSeed,20,0,103,-152291.515364716,152291.515364716,-377635.015419232,529926.530783948,179630.728315066,230624.358879593,668.005977267278,352,33.6678512820376,59.5492345092538
SingleAxisOLDRules,1,1,103,-290980.655143577,290980.655143577,-344145.921258391,635126.576401968,212910.743437696,230833.437917805,668.611576987642,352,9.59610598282671,51.4692869867387
SingleAxisOLDRules,2,0,103,-278127.177455476,278127.177455476,-347140.582918856,625267.760374332,209900.606657687,230848.913037349,668.656400840614,352,11.0616619155098,53.2426206128554
SingleAxisOLDRules,3,0,103,-270640.491661035,270640.491661035,-348997.529421165,619638.0210822,208058.298607144,230834.274585583,668.614000405011,352,10.7623038185971,57.5264362150137
SingleAxisOLDRules,4,0,103,-281029.388382496,281029.388382496,-346644.135256422,627673.523638918,210450.179550972,230795.787806498,668.502523028555,352,11.5940768167891,56.847386290319
SingleAxisOLDRules,5,0,103,-275569.331777462,275569.331777462,-347834.833776474,623404.165553935,209219.693916862,230835.574920557,668.61776683948,352,11.3365484687654,56.7854499650618
SingleAxisOLDRules,6,0,103,-282257.884820997,282257.884820997,-346300.116364369,628558.001185366,210755.645641374,230834.340608148,668.614191640092,352,10.9528253321047,55.2402189828951
SingleAxisOLDRules,7,0,103,-279340.575024037,279340.575024037,-346889.419018023,626229.99404206,210130.82726636,230869.856329509,668.717063315361,352,11.9702953302612,55.4594289126853
SingleAxisOLDRules,8,0,103,-267827.078803631,267827.078803631,-349552.406797604,617379.485601235,207541.639317428,230796.05649886,668.503301298918,352,10.8368144474739,57.4505611833112
SingleAxisOLDRules,9,0,103,-269849.968633494,269849.968633494,-349093.212123053,618943.180756547,207991.554607694,230805.335883144,668.530179136964,352,11.124020980234,52.3769578658985
SingleAxisOLDRules,10,0,103,-269344.739007578,269344.739007578,-349231.312710574,618576.051718151,207824.509451232,230834.280452086,668.614017397401,352,11.7211266416831,58.2567797036393
SingleAxisOLDRules,11,0,103,-276412.543110851,276412.543110851,-347596.598451151,624009.141562002,209406.607745102,230886.896417638,668.766420116953,352,11.0681781566469,56.6685775518883
SingleAxisOLDRules,12,0,103,-277214.780255113,277214.780255113,-347383.519192496,624598.299447609,209692.860584129,230813.722837267,668.55447204129,352,10.9645829906349,55.200317214058
SingleAxisOLDRules,13,0,103,-276643.671712945,276643.671712945,-347540.132979373,624183.804692318,209509.838977504,230840.130657014,668.630962579944,352,11.7213504926829,55.7801325446733
SingleAxisOLDRules,14,0,103,-275149.874668233,275149.874668233,-347747.950764449,622897.825432683,209313.746780815,230828.405068628,668.596999284969,352,12.1559176988008,60
SingleAxisOLDRules,15,0,103,-271693.760094932,271693.760094932,-348826.885276685,620520.645371617,208234.285237653,230828.932099554,668.598525835809,352,11.9568180695697,60
SingleAxisOLDRules,16,0,103,-284963.437463768,284963.437463768,-345615.307456525,630578.744920294,211465.906215894,230808.888941472,668.540470609263,352,11.7560844319084,60
SingleAxisOLDRules,17,0,103,-279939.786583607,279939.786583607,-346738.052633353,626677.83921696,210341.947288325,230810.102692215,668.543986251559,352,10.6098303482259,57.0924559841249
SingleAxisOLDRules,18,0,103,-275992.70349323,275992.70349323,-347714.769641278,623707.473134508,209309.821284545,230865.511688069,668.704479013924,352,11.152510967726,56.8273904116384
SingleAxisOLDRules,19,0,103,-276728.709357258,276728.709357258,-347554.033566148,624282.742923406,209519.72432421,230816.344723534,668.562066363531,352,11.2083864228849,57.3059058646712
SingleAxisOLDRules,20,0,103,-275861.8452984,275861.8452984,-347682.88935029,623544.73464869,209411.563538773,230795.64972483,668.502123073492,352,11.3225763204123,60
SingleAxisNEWRules,1,1,103,-290980.655143577,290980.655143577,-344145.921258391,635126.576401968,212910.743437696,230833.437917805,668.611576987642,352,9.22533975312563,51.4692869867387
SingleAxisNEWRules,2,0,103,-217468.960286802,217468.960286802,-363936.978098235,581405.938385037,193089.814497699,230863.310017958,668.698101852372,352,0.798738301357325,47.3055041196675
SingleAxisNEWRules,3,0,103,-245013.25792466,245013.25792466,-357640.405621558,602653.663546219,199524.266191507,230725.430800826,668.298733192305,352,-6.49858560468509,44.2366396608031
SingleAxisNEWRules,4,0,103,-183189.365543479,183189.365543479,-373263.272095083,556452.637638562,183611.247313261,231015.583205548,669.139162805266,352,-5.13770781670251,35.0457622284655
SingleAxisNEWRules,5,0,103,-182828.159133752,182828.159133752,-373196.587295836,556024.746429588,183771.212163943,230922.303154113,668.868976116309,352,-2.20546512802814,44.3009547640261
SingleAxisNEWRules,6,0,103,-207982.203872918,207982.203872918,-366228.414654993,574210.618527911,190868.089300084,230793.598658815,668.496182138353,352,-0.682644289216612,31.8882722037616
SingleAxisNEWRules,7,0,103,-232289.16482787,232289.16482787,-359466.366662575,591755.531490445,197774.836509714,230648.899441603,668.077059273479,352,3.96614583649131,41.1595339343398
SingleAxisNEWRules,8,0,103,-190328.833900756,190328.833900756,-369504.9183242,559833.752224957,187726.698470613,230658.485819078,668.104826320659,352,2.60401726341875,42.4323490295162
SingleAxisNEWRules,9,0,103,-182133.230710881,182133.230710881,-371868.717811535,554001.948522416,185400.936322252,230620.448480105,667.994650752402,352,2.53256235384813,56.2212941743573
SingleAxisNEWRules,10,0,103,-160133.378651789,160133.378651789,-377680.558731815,537813.937383604,179234.166237094,230975.377644983,669.022706959459,352,0.739031930552513,49.2643307861574
SingleAxisNEWRules,11,0,103,-162058.188389255,162058.188389255,-376452.804136776,538510.99252603,180720.913822431,230716.384654685,668.27253093109,352,3.42841566590984,52.1747621246427
SingleAxisNEWRules,12,0,103,-144578.290064236,144578.290064236,-380702.216321437,525280.506385672,176360.205141282,230827.681151174,668.594902450147,352,2.61574440716271,41.7165003792783
SingleAxisNEWRules,13,0,103,-192397.111772937,192397.111772937,-370422.236937599,562819.348710537,186833.831488569,230634.034187723,668.034001903071,352,1.42989793865575,39.5479207909945
SingleAxisNEWRules,14,0,103,-204925.138335726,204925.138335726,-367999.429845464,572924.56818119,189132.08883795,230758.583930478,668.394761594856,352,0.328252577238747,45.4355317517441
SingleAxisNEWRules,15,0,103,-253863.300380051,253863.300380051,-353427.557281284,607290.857661335,203884.026233925,230578.519098683,667.873201840634,352,3.81875611025238,47.3652692555361
SingleAxisNEWRules,16,0,103,-209745.953537202,209745.953537202,-366189.729477765,575935.683014967,190817.588116562,230882.785019565,668.754511407477,352,-1.67917645608584,44.9275482618147
SingleAxisNEWRules,17,0,103,-223575.096080274,223575.096080274,-363209.905631259,586785.001711533,193983.10623738,230697.090745253,668.216645911451,352,-0.362949197152913,46.7924078234858
SingleAxisNEWRules,18,0,103,-244875.779655368,244875.779655368,-356619.399919703,601495.17957507,200428.698272151,230842.004422038,668.636389960825,352,0.971542230849376,45.8920644866867
SingleAxisNEWRules,19,0,103,-195913.052069326,195913.052069326,-368366.781057383,564279.833126709,188754.286084367,230769.035472142,668.425034599569,352,0.503109055521184,45.8716420946856
SingleAxisNEWRules,20,0,103,-146805.723112351,146805.723112351,-380587.01587034,527392.738982691,176590.232433095,230712.854310457,668.262305250433,352,4.58730642638707,49.3347126562889
